Title,Description,Link,Media URL,Pinterest board,Publish date
Grade 5 Addition Practice Worksheet (14 Problems) | Printable Practice,Free printable Addition worksheet for Grade 5. Perfect for homeschool practice and classroom activities.,https://mathworksheetkidsinfinite.github.io/html/grade-5-addition-practice-worksheet-14-problems-6127.html,https://mathworksheetkidsinfinite.github.io/images/grade-5-addition-practice-worksheet-14-problems-6127.jpg,Kids Math Worksheets,03/17/2026 08:22:00 AM
Printable Count and Color Worksheet for Grade 1 Kids,Teachers and parents love this Count and Color worksheet for Grade 1. Download and print instantly.,https://mathworksheetkidsinfinite.github.io/html/printable-count-and-color-worksheet-for-grade-1-kids-2741.html,https://mathworksheetkidsinfinite.github.io/images/printable-count-and-color-worksheet-for-grade-1-kids-2741.jpg,Kids Math Worksheets,03/17/2026 11:06:00 AM
Free Counting Objects Worksheet For Kindergarten - Part 3 | Printable Practice,Help kids master Counting Objects with this printable worksheet for Kindergarten. Great for daily math practice.,https://mathworksheetkidsinfinite.github.io/html/free-counting-objects-worksheet-for-kindergarten-part-3-4202.html,https://mathworksheetkidsinfinite.github.io/images/free-counting-objects-worksheet-for-kindergarten-part-3-4202.jpg,Printable Worksheets,03/17/2026 01:38:00 PM
Free 18 Division Math Worksheet For Grade 2 - Part 4 | Printable Practice,Printable Division worksheet designed for Grade 2 students. Easy and fun math practice.,https://mathworksheetkidsinfinite.github.io/html/free-18-division-math-worksheet-for-grade-2-part-4-4434.html,https://mathworksheetkidsinfinite.github.io/images/free-18-division-math-worksheet-for-grade-2-part-4-4434.jpg,Kids Math Worksheets,03/17/2026 04:23:00 PM
Free Printable Mathematics Practice Test Worksheet,Teachers and parents love this Math worksheet for Math. Download and print instantly.,https://mathworksheetkidsinfinite.github.io/html/free-printable-mathematics-practice-test-worksheet-7958.html,https://mathworksheetkidsinfinite.github.io/images/free-printable-mathematics-practice-test-worksheet-7958.jpg,Homeschool Math,03/17/2026 08:30:00 PM
Missing Number Math Worksheet,Teachers and parents love this Missing Number worksheet for Grade 1. Download and print instantly.,https://mathworksheetkidsinfinite.github.io/html/missing-number-math-worksheet-4911.html,https://mathworksheetkidsinfinite.github.io/images/missing-number-math-worksheet-4911.jpg,Math Practice Printables,03/18/2026 08:38:00 AM
Mixed Operations Math Worksheet,Free printable Mixed Operations worksheet for Grade 3. Perfect for homeschool practice and classroom activities.,https://mathworksheetkidsinfinite.github.io/html/mixed-operations-math-worksheet-2422.html,https://mathworksheetkidsinfinite.github.io/images/mixed-operations-math-worksheet-2422.jpg,Kids Math Worksheets,03/18/2026 11:00:00 AM
Printable Free 25 Multiplication Math Worksheet For Grade 2 - Part 8 | Printable Practice,Printable Multiplication worksheet designed for Grade 2 students. Easy and fun math practice.,https://mathworksheetkidsinfinite.github.io/html/printable-free-25-multiplication-math-worksheet-for-grade-2-part-8-4335.html,https://mathworksheetkidsinfinite.github.io/images/printable-free-25-multiplication-math-worksheet-for-grade-2-part-8-4335.jpg,Math Practice Printables,03/18/2026 01:25:00 PM
Printable Free 13 Subtraction Math Worksheet For Grade 5 - Part 9 | Printable Practice,Free printable Subtraction worksheet for Grade 5. Perfect for homeschool practice and classroom activities.,https://mathworksheetkidsinfinite.github.io/html/printable-free-13-subtraction-math-worksheet-for-grade-5-part-9-2174.html,https://mathworksheetkidsinfinite.github.io/images/printable-free-13-subtraction-math-worksheet-for-grade-5-part-9-2174.jpg,Kids Math Worksheets,03/18/2026 04:31:00 PM
Printable 10 Times Table Worksheet For Grade 3 - Part 10 | Printable Practice,Teachers and parents love this Times Table worksheet for Grade 3. Download and print instantly.,https://mathworksheetkidsinfinite.github.io/html/printable-10-times-table-worksheet-for-grade-3-part-10-3750.html,https://mathworksheetkidsinfinite.github.io/images/printable-10-times-table-worksheet-for-grade-3-part-10-3750.jpg,Printable Worksheets,03/18/2026 08:28:00 PM
Printable Tracing Worksheet For Kids - Part 11 | Free Printable,Free printable Tracing worksheet for Kindergarten. Perfect for homeschool practice and classroom activities.,https://mathworksheetkidsinfinite.github.io/html/printable-tracing-worksheet-for-kids-part-11-7767.html,https://mathworksheetkidsinfinite.github.io/images/printable-tracing-worksheet-for-kids-part-11-7767.jpg,Printable Worksheets,03/19/2026 08:22:00 AM
Math Word Problem Worksheet,Help kids master Word Problem with this printable worksheet for Grade 3. Great for daily math practice.,https://mathworksheetkidsinfinite.github.io/html/math-word-problem-worksheet-8673.html,https://mathworksheetkidsinfinite.github.io/images/math-word-problem-worksheet-8673.jpg,Kids Math Worksheets,03/19/2026 11:00:00 AM
Free 30 Addition Math Worksheet For Grade 5 With Answers - Part 13 | Printable Practice,Fun and engaging Addition worksheet for Grade 5. Perfect printable math practice.,https://mathworksheetkidsinfinite.github.io/html/free-30-addition-math-worksheet-for-grade-5-with-answers-part-13-1036.html,https://mathworksheetkidsinfinite.github.io/images/free-30-addition-math-worksheet-for-grade-5-with-answers-part-13-1036.jpg,Printable Worksheets,03/19/2026 01:22:00 PM
Fun Count and Color Objects Worksheet for Kindergarten,Teachers and parents love this Count and Color worksheet for Kindergarten. Download and print instantly.,https://mathworksheetkidsinfinite.github.io/html/fun-count-and-color-objects-worksheet-for-kindergarten-7353.html,https://mathworksheetkidsinfinite.github.io/images/fun-count-and-color-objects-worksheet-for-kindergarten-7353.jpg,Kids Math Worksheets,03/19/2026 04:31:00 PM
Free Counting Objects Worksheet For Pre-K Printable - Part 15 | Printable Practice,Free printable Counting Objects worksheet for Pre-K. Perfect for homeschool practice and classroom activities.,https://mathworksheetkidsinfinite.github.io/html/free-counting-objects-worksheet-for-pre-k-printable-part-15-3272.html,https://mathworksheetkidsinfinite.github.io/images/free-counting-objects-worksheet-for-pre-k-printable-part-15-3272.jpg,Elementary Math Activities,03/19/2026 08:37:00 PM
Grade 2 Division Practice Worksheet (16 Problems) - Part 16 | Printable Practice,Fun and engaging Division worksheet for Grade 2. Perfect printable math practice.,https://mathworksheetkidsinfinite.github.io/html/grade-2-division-practice-worksheet-16-problems-part-16-4187.html,https://mathworksheetkidsinfinite.github.io/images/grade-2-division-practice-worksheet-16-problems-part-16-4187.jpg,Elementary Math Activities,03/20/2026 08:35:00 AM
Complete General Math Quiz Worksheet (4 Questions),Fun and engaging Math worksheet for Math. Perfect printable math practice.,https://mathworksheetkidsinfinite.github.io/html/complete-general-math-quiz-worksheet-4-questions-4051.html,https://mathworksheetkidsinfinite.github.io/images/complete-general-math-quiz-worksheet-4-questions-4051.jpg,Printable Worksheets,03/20/2026 11:05:00 AM
Missing Number Math Worksheet,Free printable Missing Number worksheet for Grade 1. Perfect for homeschool practice and classroom activities.,https://mathworksheetkidsinfinite.github.io/html/missing-number-math-worksheet-7888.html,https://mathworksheetkidsinfinite.github.io/images/missing-number-math-worksheet-7888.jpg,Math Practice Printables,03/20/2026 01:37:00 PM
Mixed Operations Math Worksheet,Fun and engaging Mixed Operations worksheet for Grade 3. Perfect printable math practice.,https://mathworksheetkidsinfinite.github.io/html/mixed-operations-math-worksheet-3360.html,https://mathworksheetkidsinfinite.github.io/images/mixed-operations-math-worksheet-3360.jpg,Printable Worksheets,03/20/2026 04:22:00 PM
Grade 2 Multiplication Practice Worksheet (24 Problems) - Part 20 | Printable Practice,Teachers and parents love this Multiplication worksheet for Grade 2. Download and print instantly.,https://mathworksheetkidsinfinite.github.io/html/grade-2-multiplication-practice-worksheet-24-problems-part-20-1054.html,https://mathworksheetkidsinfinite.github.io/images/grade-2-multiplication-practice-worksheet-24-problems-part-20-1054.jpg,Math Practice Printables,03/20/2026 08:28:00 PM
Free 17 Subtraction Math Worksheet For Grade 3 With Answers - Part 21 | Printable Practice,Help kids master Subtraction with this printable worksheet for Grade 3. Great for daily math practice.,https://mathworksheetkidsinfinite.github.io/html/free-17-subtraction-math-worksheet-for-grade-3-with-answers-part-21-6551.html,https://mathworksheetkidsinfinite.github.io/images/free-17-subtraction-math-worksheet-for-grade-3-with-answers-part-21-6551.jpg,Homeschool Math,03/21/2026 08:32:00 AM
Printable 8 Times Table Worksheet For Grade 3 - Part 22 | Printable Practice,Printable Times Table worksheet designed for Grade 3 students. Easy and fun math practice.,https://mathworksheetkidsinfinite.github.io/html/printable-8-times-table-worksheet-for-grade-3-part-22-6040.html,https://mathworksheetkidsinfinite.github.io/images/printable-8-times-table-worksheet-for-grade-3-part-22-6040.jpg,Printable Worksheets,03/21/2026 11:00:00 AM
Printable Tracing Worksheet For Kids - Part 23 | Free Printable,Teachers and parents love this Tracing worksheet for Preschool. Download and print instantly.,https://mathworksheetkidsinfinite.github.io/html/printable-tracing-worksheet-for-kids-part-23-9935.html,https://mathworksheetkidsinfinite.github.io/images/printable-tracing-worksheet-for-kids-part-23-9935.jpg,Elementary Math Activities,03/21/2026 01:30:00 PM
Math Word Problem Worksheet,Free printable Word Problem worksheet for Grade 3. Perfect for homeschool practice and classroom activities.,https://mathworksheetkidsinfinite.github.io/html/math-word-problem-worksheet-9995.html,https://mathworksheetkidsinfinite.github.io/images/math-word-problem-worksheet-9995.jpg,Homeschool Math,03/21/2026 04:25:00 PM
Grade 3 Addition Practice Worksheet (30 Problems) - Part 25 | Printable Practice,Printable Addition worksheet designed for Grade 3 students. Easy and fun math practice.,https://mathworksheetkidsinfinite.github.io/html/grade-3-addition-practice-worksheet-30-problems-part-25-5949.html,https://mathworksheetkidsinfinite.github.io/images/grade-3-addition-practice-worksheet-30-problems-part-25-5949.jpg,Homeschool Math,03/21/2026 08:32:00 PM
"Count and Color Flower, Square, Circle Worksheet for Kids",Teachers and parents love this Count and Color worksheet for Kindergarten. Download and print instantly.,https://mathworksheetkidsinfinite.github.io/html/count-and-color-flower-square-circle-worksheet-for-kids-7197.html,https://mathworksheetkidsinfinite.github.io/images/count-and-color-flower-square-circle-worksheet-for-kids-7197.jpg,Printable Worksheets,03/22/2026 08:25:00 AM
Free Counting Objects Worksheet For Kindergarten - Part 27 | Printable Practice,Help kids master Counting Objects with this printable worksheet for Kindergarten. Great for daily math practice.,https://mathworksheetkidsinfinite.github.io/html/free-counting-objects-worksheet-for-kindergarten-part-27-3938.html,https://mathworksheetkidsinfinite.github.io/images/free-counting-objects-worksheet-for-kindergarten-part-27-3938.jpg,Kids Math Worksheets,03/22/2026 11:00:00 AM
Free 20 Division Math Worksheet For Grade 2 With Answers - Part 28 | Printable Practice,Printable Division worksheet designed for Grade 2 students. Easy and fun math practice.,https://mathworksheetkidsinfinite.github.io/html/free-20-division-math-worksheet-for-grade-2-with-answers-part-28-3223.html,https://mathworksheetkidsinfinite.github.io/images/free-20-division-math-worksheet-for-grade-2-with-answers-part-28-3223.jpg,Printable Worksheets,03/22/2026 01:27:00 PM
Interactive Mathematics Quiz for Students (8 Questions),Free printable Math worksheet for Math. Perfect for homeschool practice and classroom activities.,https://mathworksheetkidsinfinite.github.io/html/interactive-mathematics-quiz-for-students-8-questions-3515.html,https://mathworksheetkidsinfinite.github.io/images/interactive-mathematics-quiz-for-students-8-questions-3515.jpg,Printable Worksheets,03/22/2026 04:32:00 PM
Missing Number Math Worksheet,Printable Missing Number worksheet designed for Grade 1 students. Easy and fun math practice.,https://mathworksheetkidsinfinite.github.io/html/missing-number-math-worksheet-1697.html,https://mathworksheetkidsinfinite.github.io/images/missing-number-math-worksheet-1697.jpg,Homeschool Math,03/22/2026 08:38:00 PM
Mixed Operations Math Worksheet,Free printable Mixed Operations worksheet for Grade 3. Perfect for homeschool practice and classroom activities.,https://mathworksheetkidsinfinite.github.io/html/mixed-operations-math-worksheet-4951.html,https://mathworksheetkidsinfinite.github.io/images/mixed-operations-math-worksheet-4951.jpg,Elementary Math Activities,03/23/2026 08:34:00 AM
Free 19 Multiplication Math Worksheet For Grade 2 With Answers - Part 32 | Printable Practice,Printable Multiplication worksheet designed for Grade 2 students. Easy and fun math practice.,https://mathworksheetkidsinfinite.github.io/html/free-19-multiplication-math-worksheet-for-grade-2-with-answers-part-32-3431.html,https://mathworksheetkidsinfinite.github.io/images/free-19-multiplication-math-worksheet-for-grade-2-with-answers-part-32-3431.jpg,Math Practice Printables,03/23/2026 11:00:00 AM
Grade 2 Subtraction Practice Worksheet (30 Problems) - Part 33 | Printable Practice,Teachers and parents love this Subtraction worksheet for Grade 2. Download and print instantly.,https://mathworksheetkidsinfinite.github.io/html/grade-2-subtraction-practice-worksheet-30-problems-part-33-8266.html,https://mathworksheetkidsinfinite.github.io/images/grade-2-subtraction-practice-worksheet-30-problems-part-33-8266.jpg,Elementary Math Activities,03/23/2026 01:31:00 PM
5 Times Table Worksheet For Grade 2 With Answers - Part 34 | Printable Practice,Help kids master Times Table with this printable worksheet for Grade 2. Great for daily math practice.,https://mathworksheetkidsinfinite.github.io/html/5-times-table-worksheet-for-grade-2-with-answers-part-34-8251.html,https://mathworksheetkidsinfinite.github.io/images/5-times-table-worksheet-for-grade-2-with-answers-part-34-8251.jpg,Math Practice Printables,03/23/2026 04:32:00 PM
Printable Tracing Worksheet For Kids - Part 35 | Free Printable,Fun and engaging Tracing worksheet for Kindergarten. Perfect printable math practice.,https://mathworksheetkidsinfinite.github.io/html/printable-tracing-worksheet-for-kids-part-35-6863.html,https://mathworksheetkidsinfinite.github.io/images/printable-tracing-worksheet-for-kids-part-35-6863.jpg,Math Practice Printables,03/23/2026 08:26:00 PM
Math Word Problem Worksheet,Fun and engaging Word Problem worksheet for Grade 3. Perfect printable math practice.,https://mathworksheetkidsinfinite.github.io/html/math-word-problem-worksheet-5148.html,https://mathworksheetkidsinfinite.github.io/images/math-word-problem-worksheet-5148.jpg,Kids Math Worksheets,03/24/2026 08:35:00 AM
Free 17 Addition Math Worksheet For Grade 1 With Answers - Part 37 | Printable Practice,Teachers and parents love this Addition worksheet for Grade 1. Download and print instantly.,https://mathworksheetkidsinfinite.github.io/html/free-17-addition-math-worksheet-for-grade-1-with-answers-part-37-7860.html,https://mathworksheetkidsinfinite.github.io/images/free-17-addition-math-worksheet-for-grade-1-with-answers-part-37-7860.jpg,Elementary Math Activities,03/24/2026 11:03:00 AM
Fun Count and Color Objects Worksheet for Grade 1,Help kids master Count and Color with this printable worksheet for Grade 1. Great for daily math practice.,https://mathworksheetkidsinfinite.github.io/html/fun-count-and-color-objects-worksheet-for-grade-1-9352.html,https://mathworksheetkidsinfinite.github.io/images/fun-count-and-color-objects-worksheet-for-grade-1-9352.jpg,Kids Math Worksheets,03/24/2026 01:29:00 PM
Free Counting Objects Worksheet For Kindergarten Printable - Part 39 | Printable Practice,Free printable Counting Objects worksheet for Kindergarten. Perfect for homeschool practice and classroom activities.,https://mathworksheetkidsinfinite.github.io/html/free-counting-objects-worksheet-for-kindergarten-printable-part-39-3532.html,https://mathworksheetkidsinfinite.github.io/images/free-counting-objects-worksheet-for-kindergarten-printable-part-39-3532.jpg,Elementary Math Activities,03/24/2026 04:24:00 PM
Free 26 Division Math Worksheet For Grade 2 With Answers - Part 40 | Printable Practice,Fun and engaging Division worksheet for Grade 2. Perfect printable math practice.,https://mathworksheetkidsinfinite.github.io/html/free-26-division-math-worksheet-for-grade-2-with-answers-part-40-9315.html,https://mathworksheetkidsinfinite.github.io/images/free-26-division-math-worksheet-for-grade-2-with-answers-part-40-9315.jpg,Homeschool Math,03/24/2026 08:27:00 PM
Complete Math Challenge Quiz Worksheet for Students,Free printable Math worksheet for Math. Perfect for homeschool practice and classroom activities.,https://mathworksheetkidsinfinite.github.io/html/complete-math-challenge-quiz-worksheet-for-students-1076.html,https://mathworksheetkidsinfinite.github.io/images/complete-math-challenge-quiz-worksheet-for-students-1076.jpg,Elementary Math Activities,03/25/2026 08:33:00 AM
Missing Number Math Worksheet,Free printable Missing Number worksheet for Grade 1. Perfect for homeschool practice and classroom activities.,https://mathworksheetkidsinfinite.github.io/html/missing-number-math-worksheet-4211.html,https://mathworksheetkidsinfinite.github.io/images/missing-number-math-worksheet-4211.jpg,Kids Math Worksheets,03/25/2026 11:00:00 AM
Mixed Operations Math Worksheet,Fun and engaging Mixed Operations worksheet for Grade 3. Perfect printable math practice.,https://mathworksheetkidsinfinite.github.io/html/mixed-operations-math-worksheet-8369.html,https://mathworksheetkidsinfinite.github.io/images/mixed-operations-math-worksheet-8369.jpg,Printable Worksheets,03/25/2026 01:37:00 PM
Grade 1 Multiplication Practice Worksheet (13 Problems) - Part 44 | Printable Practice,Free printable Multiplication worksheet for Grade 1. Perfect for homeschool practice and classroom activities.,https://mathworksheetkidsinfinite.github.io/html/grade-1-multiplication-practice-worksheet-13-problems-part-44-2049.html,https://mathworksheetkidsinfinite.github.io/images/grade-1-multiplication-practice-worksheet-13-problems-part-44-2049.jpg,Math Practice Printables,03/25/2026 04:38:00 PM
Printable Free 23 Subtraction Math Worksheet For Grade 2 - Part 45 | Printable Practice,Help kids master Subtraction with this printable worksheet for Grade 2. Great for daily math practice.,https://mathworksheetkidsinfinite.github.io/html/printable-free-23-subtraction-math-worksheet-for-grade-2-part-45-9020.html,https://mathworksheetkidsinfinite.github.io/images/printable-free-23-subtraction-math-worksheet-for-grade-2-part-45-9020.jpg,Printable Worksheets,03/25/2026 08:29:00 PM
Grade 3 Multiplication Table 10 Practice - Part 46 | Printable Practice,Teachers and parents love this Times Table worksheet for Grade 3. Download and print instantly.,https://mathworksheetkidsinfinite.github.io/html/grade-3-multiplication-table-10-practice-part-46-3959.html,https://mathworksheetkidsinfinite.github.io/images/grade-3-multiplication-table-10-practice-part-46-3959.jpg,Elementary Math Activities,03/26/2026 08:36:00 AM
Printable Tracing Worksheet For Kids - Part 47 | Free Printable,Free printable Tracing worksheet for Preschool. Perfect for homeschool practice and classroom activities.,https://mathworksheetkidsinfinite.github.io/html/printable-tracing-worksheet-for-kids-part-47-7791.html,https://mathworksheetkidsinfinite.github.io/images/printable-tracing-worksheet-for-kids-part-47-7791.jpg,Homeschool Math,03/26/2026 11:03:00 AM
Math Word Problem Worksheet,Help kids master Word Problem with this printable worksheet for Grade 3. Great for daily math practice.,https://mathworksheetkidsinfinite.github.io/html/math-word-problem-worksheet-9075.html,https://mathworksheetkidsinfinite.github.io/images/math-word-problem-worksheet-9075.jpg,Elementary Math Activities,03/26/2026 01:31:00 PM
Printable Free 28 Addition Math Worksheet For Grade 5 - Part 49 | Printable Practice,Free printable Addition worksheet for Grade 5. Perfect for homeschool practice and classroom activities.,https://mathworksheetkidsinfinite.github.io/html/printable-free-28-addition-math-worksheet-for-grade-5-part-49-5677.html,https://mathworksheetkidsinfinite.github.io/images/printable-free-28-addition-math-worksheet-for-grade-5-part-49-5677.jpg,Kids Math Worksheets,03/26/2026 04:35:00 PM
Grade 1 Count and Color Shapes Worksheet,Help kids master Count and Color with this printable worksheet for Grade 1. Great for daily math practice.,https://mathworksheetkidsinfinite.github.io/html/grade-1-count-and-color-shapes-worksheet-9131.html,https://mathworksheetkidsinfinite.github.io/images/grade-1-count-and-color-shapes-worksheet-9131.jpg,Elementary Math Activities,03/26/2026 08:23:00 PM
Free Counting Objects Worksheet For Kindergarten Printable - Part 51 | Printable Practice,Fun and engaging Counting Objects worksheet for Kindergarten. Perfect printable math practice.,https://mathworksheetkidsinfinite.github.io/html/free-counting-objects-worksheet-for-kindergarten-printable-part-51-5462.html,https://mathworksheetkidsinfinite.github.io/images/free-counting-objects-worksheet-for-kindergarten-printable-part-51-5462.jpg,Kids Math Worksheets,03/27/2026 08:30:00 AM
Free 26 Division Math Worksheet For Grade 1 - Part 52 | Printable Practice,Help kids master Division with this printable worksheet for Grade 1. Great for daily math practice.,https://mathworksheetkidsinfinite.github.io/html/free-26-division-math-worksheet-for-grade-1-part-52-4587.html,https://mathworksheetkidsinfinite.github.io/images/free-26-division-math-worksheet-for-grade-1-part-52-4587.jpg,Printable Worksheets,03/27/2026 11:00:00 AM
4 Math Questions Practice Worksheet for High School Students,Teachers and parents love this Math worksheet for Math. Download and print instantly.,https://mathworksheetkidsinfinite.github.io/html/4-math-questions-practice-worksheet-for-high-school-students-7888.html,https://mathworksheetkidsinfinite.github.io/images/4-math-questions-practice-worksheet-for-high-school-students-7888.jpg,Printable Worksheets,03/27/2026 01:32:00 PM
Missing Number Math Worksheet,Printable Missing Number worksheet designed for Grade 1 students. Easy and fun math practice.,https://mathworksheetkidsinfinite.github.io/html/missing-number-math-worksheet-7881.html,https://mathworksheetkidsinfinite.github.io/images/missing-number-math-worksheet-7881.jpg,Kids Math Worksheets,03/27/2026 04:33:00 PM
Mixed Operations Math Worksheet,Fun and engaging Mixed Operations worksheet for Grade 3. Perfect printable math practice.,https://mathworksheetkidsinfinite.github.io/html/mixed-operations-math-worksheet-6982.html,https://mathworksheetkidsinfinite.github.io/images/mixed-operations-math-worksheet-6982.jpg,Kids Math Worksheets,03/27/2026 08:23:00 PM
Free 27 Multiplication Math Worksheet For Grade 1 With Answers - Part 56 | Printable Practice,Fun and engaging Multiplication worksheet for Grade 1. Perfect printable math practice.,https://mathworksheetkidsinfinite.github.io/html/free-27-multiplication-math-worksheet-for-grade-1-with-answers-part-56-2195.html,https://mathworksheetkidsinfinite.github.io/images/free-27-multiplication-math-worksheet-for-grade-1-with-answers-part-56-2195.jpg,Elementary Math Activities,03/28/2026 08:25:00 AM
Free 19 Subtraction Math Worksheet For Grade 5 - Part 57 | Printable Practice,Help kids master Subtraction with this printable worksheet for Grade 5. Great for daily math practice.,https://mathworksheetkidsinfinite.github.io/html/free-19-subtraction-math-worksheet-for-grade-5-part-57-1040.html,https://mathworksheetkidsinfinite.github.io/images/free-19-subtraction-math-worksheet-for-grade-5-part-57-1040.jpg,Elementary Math Activities,03/28/2026 11:00:00 AM
Printable 6 Times Table Worksheet For Grade 3 - Part 58 | Printable Practice,Printable Times Table worksheet designed for Grade 3 students. Easy and fun math practice.,https://mathworksheetkidsinfinite.github.io/html/printable-6-times-table-worksheet-for-grade-3-part-58-9684.html,https://mathworksheetkidsinfinite.github.io/images/printable-6-times-table-worksheet-for-grade-3-part-58-9684.jpg,Homeschool Math,03/28/2026 01:35:00 PM
Printable Tracing Worksheet For Kids - Part 59 | Free Printable,Free printable Tracing worksheet for Preschool. Perfect for homeschool practice and classroom activities.,https://mathworksheetkidsinfinite.github.io/html/printable-tracing-worksheet-for-kids-part-59-4042.html,https://mathworksheetkidsinfinite.github.io/images/printable-tracing-worksheet-for-kids-part-59-4042.jpg,Kids Math Worksheets,03/28/2026 04:24:00 PM
Math Word Problem Worksheet,Teachers and parents love this Word Problem worksheet for Grade 3. Download and print instantly.,https://mathworksheetkidsinfinite.github.io/html/math-word-problem-worksheet-5495.html,https://mathworksheetkidsinfinite.github.io/images/math-word-problem-worksheet-5495.jpg,Elementary Math Activities,03/28/2026 08:24:00 PM
Printable Free 18 Addition Math Worksheet For Grade 3 - Part 61 | Printable Practice,Fun and engaging Addition worksheet for Grade 3. Perfect printable math practice.,https://mathworksheetkidsinfinite.github.io/html/printable-free-18-addition-math-worksheet-for-grade-3-part-61-7879.html,https://mathworksheetkidsinfinite.github.io/images/printable-free-18-addition-math-worksheet-for-grade-3-part-61-7879.jpg,Printable Worksheets,03/29/2026 08:37:00 AM
"Count and Color Star, Apple, Square Worksheet for Kids",Teachers and parents love this Count and Color worksheet for Preschool. Download and print instantly.,https://mathworksheetkidsinfinite.github.io/html/count-and-color-star-apple-square-worksheet-for-kids-3561.html,https://mathworksheetkidsinfinite.github.io/images/count-and-color-star-apple-square-worksheet-for-kids-3561.jpg,Math Practice Printables,03/29/2026 11:04:00 AM
Free Counting Objects Worksheet For Pre-K Printable - Part 63 | Printable Practice,Fun and engaging Counting Objects worksheet for Pre-K. Perfect printable math practice.,https://mathworksheetkidsinfinite.github.io/html/free-counting-objects-worksheet-for-pre-k-printable-part-63-8933.html,https://mathworksheetkidsinfinite.github.io/images/free-counting-objects-worksheet-for-pre-k-printable-part-63-8933.jpg,Printable Worksheets,03/29/2026 01:25:00 PM
Printable Free 20 Division Math Worksheet For Grade 2 - Part 64 | Printable Practice,Printable Division worksheet designed for Grade 2 students. Easy and fun math practice.,https://mathworksheetkidsinfinite.github.io/html/printable-free-20-division-math-worksheet-for-grade-2-part-64-3221.html,https://mathworksheetkidsinfinite.github.io/images/printable-free-20-division-math-worksheet-for-grade-2-part-64-3221.jpg,Math Practice Printables,03/29/2026 04:32:00 PM
Complete Math Challenge Worksheet (7 Questions),Fun and engaging Math worksheet for Math. Perfect printable math practice.,https://mathworksheetkidsinfinite.github.io/html/complete-math-challenge-worksheet-7-questions-4733.html,https://mathworksheetkidsinfinite.github.io/images/complete-math-challenge-worksheet-7-questions-4733.jpg,Printable Worksheets,03/29/2026 08:25:00 PM
Missing Number Math Worksheet,Fun and engaging Missing Number worksheet for Grade 1. Perfect printable math practice.,https://mathworksheetkidsinfinite.github.io/html/missing-number-math-worksheet-2383.html,https://mathworksheetkidsinfinite.github.io/images/missing-number-math-worksheet-2383.jpg,Math Practice Printables,03/30/2026 08:32:00 AM
Mixed Operations Math Worksheet,Help kids master Mixed Operations with this printable worksheet for Grade 3. Great for daily math practice.,https://mathworksheetkidsinfinite.github.io/html/mixed-operations-math-worksheet-9727.html,https://mathworksheetkidsinfinite.github.io/images/mixed-operations-math-worksheet-9727.jpg,Kids Math Worksheets,03/30/2026 11:02:00 AM
Grade 1 Multiplication Practice Worksheet (28 Problems) - Part 68 | Printable Practice,Printable Multiplication worksheet designed for Grade 1 students. Easy and fun math practice.,https://mathworksheetkidsinfinite.github.io/html/grade-1-multiplication-practice-worksheet-28-problems-part-68-6188.html,https://mathworksheetkidsinfinite.github.io/images/grade-1-multiplication-practice-worksheet-28-problems-part-68-6188.jpg,Math Practice Printables,03/30/2026 01:31:00 PM
Free 27 Subtraction Math Worksheet For Grade 2 - Part 69 | Printable Practice,Printable Subtraction worksheet designed for Grade 2 students. Easy and fun math practice.,https://mathworksheetkidsinfinite.github.io/html/free-27-subtraction-math-worksheet-for-grade-2-part-69-4694.html,https://mathworksheetkidsinfinite.github.io/images/free-27-subtraction-math-worksheet-for-grade-2-part-69-4694.jpg,Kids Math Worksheets,03/30/2026 04:28:00 PM
Grade 3 Multiplication Table 6 Practice - Part 70 | Printable Practice,Teachers and parents love this Times Table worksheet for Grade 3. Download and print instantly.,https://mathworksheetkidsinfinite.github.io/html/grade-3-multiplication-table-6-practice-part-70-8950.html,https://mathworksheetkidsinfinite.github.io/images/grade-3-multiplication-table-6-practice-part-70-8950.jpg,Kids Math Worksheets,03/30/2026 08:30:00 PM
Printable Tracing Worksheet For Kids - Part 71 | Free Printable,Printable Tracing worksheet designed for Kindergarten students. Easy and fun math practice.,https://mathworksheetkidsinfinite.github.io/html/printable-tracing-worksheet-for-kids-part-71-3634.html,https://mathworksheetkidsinfinite.github.io/images/printable-tracing-worksheet-for-kids-part-71-3634.jpg,Elementary Math Activities,03/31/2026 08:32:00 AM
Math Word Problem Worksheet,Teachers and parents love this Word Problem worksheet for Grade 3. Download and print instantly.,https://mathworksheetkidsinfinite.github.io/html/math-word-problem-worksheet-8377.html,https://mathworksheetkidsinfinite.github.io/images/math-word-problem-worksheet-8377.jpg,Printable Worksheets,03/31/2026 11:04:00 AM
Printable Free 14 Addition Math Worksheet For Grade 3 - Part 73 | Printable Practice,Help kids master Addition with this printable worksheet for Grade 3. Great for daily math practice.,https://mathworksheetkidsinfinite.github.io/html/printable-free-14-addition-math-worksheet-for-grade-3-part-73-5898.html,https://mathworksheetkidsinfinite.github.io/images/printable-free-14-addition-math-worksheet-for-grade-3-part-73-5898.jpg,Homeschool Math,03/31/2026 01:34:00 PM
5 Free Count and Color Worksheets for Grade 1,Free printable Count and Color worksheet for Grade 1. Perfect for homeschool practice and classroom activities.,https://mathworksheetkidsinfinite.github.io/html/5-free-count-and-color-worksheets-for-grade-1-2590.html,https://mathworksheetkidsinfinite.github.io/images/5-free-count-and-color-worksheets-for-grade-1-2590.jpg,Math Practice Printables,03/31/2026 04:32:00 PM
Kindergarten Count The Objects Worksheet - Part 75 | Printable Practice,Free printable Counting Objects worksheet for Kindergarten. Perfect for homeschool practice and classroom activities.,https://mathworksheetkidsinfinite.github.io/html/kindergarten-count-the-objects-worksheet-part-75-3718.html,https://mathworksheetkidsinfinite.github.io/images/kindergarten-count-the-objects-worksheet-part-75-3718.jpg,Math Practice Printables,03/31/2026 08:31:00 PM
Free 26 Division Math Worksheet For Grade 2 With Answers - Part 76 | Printable Practice,Fun and engaging Division worksheet for Grade 2. Perfect printable math practice.,https://mathworksheetkidsinfinite.github.io/html/free-26-division-math-worksheet-for-grade-2-with-answers-part-76-9691.html,https://mathworksheetkidsinfinite.github.io/images/free-26-division-math-worksheet-for-grade-2-with-answers-part-76-9691.jpg,Homeschool Math,04/01/2026 08:29:00 AM
4 Math Quiz for High School Students,Printable Math worksheet designed for Math students. Easy and fun math practice.,https://mathworksheetkidsinfinite.github.io/html/4-math-quiz-for-high-school-students-2353.html,https://mathworksheetkidsinfinite.github.io/images/4-math-quiz-for-high-school-students-2353.jpg,Math Practice Printables,04/01/2026 11:08:00 AM
Missing Number Math Worksheet,Free printable Missing Number worksheet for Grade 1. Perfect for homeschool practice and classroom activities.,https://mathworksheetkidsinfinite.github.io/html/missing-number-math-worksheet-7388.html,https://mathworksheetkidsinfinite.github.io/images/missing-number-math-worksheet-7388.jpg,Printable Worksheets,04/01/2026 01:28:00 PM
Mixed Operations Math Worksheet,Help kids master Mixed Operations with this printable worksheet for Grade 3. Great for daily math practice.,https://mathworksheetkidsinfinite.github.io/html/mixed-operations-math-worksheet-1736.html,https://mathworksheetkidsinfinite.github.io/images/mixed-operations-math-worksheet-1736.jpg,Kids Math Worksheets,04/01/2026 04:29:00 PM
Free 13 Multiplication Math Worksheet For Grade 2 With Answers - Part 80 | Printable Practice,Fun and engaging Multiplication worksheet for Grade 2. Perfect printable math practice.,https://mathworksheetkidsinfinite.github.io/html/free-13-multiplication-math-worksheet-for-grade-2-with-answers-part-80-3759.html,https://mathworksheetkidsinfinite.github.io/images/free-13-multiplication-math-worksheet-for-grade-2-with-answers-part-80-3759.jpg,Homeschool Math,04/01/2026 08:32:00 PM
Grade 3 Subtraction Practice Worksheet (14 Problems) - Part 81 | Printable Practice,Teachers and parents love this Subtraction worksheet for Grade 3. Download and print instantly.,https://mathworksheetkidsinfinite.github.io/html/grade-3-subtraction-practice-worksheet-14-problems-part-81-1707.html,https://mathworksheetkidsinfinite.github.io/images/grade-3-subtraction-practice-worksheet-14-problems-part-81-1707.jpg,Homeschool Math,04/02/2026 08:28:00 AM
Grade 3 Multiplication Table 8 Practice - Part 82 | Printable Practice,Printable Times Table worksheet designed for Grade 3 students. Easy and fun math practice.,https://mathworksheetkidsinfinite.github.io/html/grade-3-multiplication-table-8-practice-part-82-9102.html,https://mathworksheetkidsinfinite.github.io/images/grade-3-multiplication-table-8-practice-part-82-9102.jpg,Math Practice Printables,04/02/2026 11:01:00 AM
Printable Tracing Worksheet For Kids - Part 83 | Free Printable,Printable Tracing worksheet designed for Kindergarten students. Easy and fun math practice.,https://mathworksheetkidsinfinite.github.io/html/printable-tracing-worksheet-for-kids-part-83-4584.html,https://mathworksheetkidsinfinite.github.io/images/printable-tracing-worksheet-for-kids-part-83-4584.jpg,Printable Worksheets,04/02/2026 01:37:00 PM
Math Word Problem Worksheet,Help kids master Word Problem with this printable worksheet for Grade 3. Great for daily math practice.,https://mathworksheetkidsinfinite.github.io/html/math-word-problem-worksheet-4031.html,https://mathworksheetkidsinfinite.github.io/images/math-word-problem-worksheet-4031.jpg,Printable Worksheets,04/02/2026 04:24:00 PM
Printable Free 23 Addition Math Worksheet For Grade 5 - Part 85 | Printable Practice,Teachers and parents love this Addition worksheet for Grade 5. Download and print instantly.,https://mathworksheetkidsinfinite.github.io/html/printable-free-23-addition-math-worksheet-for-grade-5-part-85-9373.html,https://mathworksheetkidsinfinite.github.io/images/printable-free-23-addition-math-worksheet-for-grade-5-part-85-9373.jpg,Printable Worksheets,04/02/2026 08:36:00 PM
"Count and Color Car, Car, Circle Worksheet for Kids",Fun and engaging Count and Color worksheet for Preschool. Perfect printable math practice.,https://mathworksheetkidsinfinite.github.io/html/count-and-color-car-car-circle-worksheet-for-kids-8234.html,https://mathworksheetkidsinfinite.github.io/images/count-and-color-car-car-circle-worksheet-for-kids-8234.jpg,Math Practice Printables,04/03/2026 08:22:00 AM
Learn Counting With Pictures Worksheet (Kindergarten) - Part 87 | Printable Practice,Printable Counting Objects worksheet designed for Kindergarten students. Easy and fun math practice.,https://mathworksheetkidsinfinite.github.io/html/learn-counting-with-pictures-worksheet-kindergarten-part-87-2668.html,https://mathworksheetkidsinfinite.github.io/images/learn-counting-with-pictures-worksheet-kindergarten-part-87-2668.jpg,Printable Worksheets,04/03/2026 11:00:00 AM
Free 21 Division Math Worksheet For Grade 2 With Answers - Part 88 | Printable Practice,Fun and engaging Division worksheet for Grade 2. Perfect printable math practice.,https://mathworksheetkidsinfinite.github.io/html/free-21-division-math-worksheet-for-grade-2-with-answers-part-88-7035.html,https://mathworksheetkidsinfinite.github.io/images/free-21-division-math-worksheet-for-grade-2-with-answers-part-88-7035.jpg,Elementary Math Activities,04/03/2026 01:32:00 PM
4 General Math Quiz for Math Learners,Help kids master Math with this printable worksheet for Math. Great for daily math practice.,https://mathworksheetkidsinfinite.github.io/html/4-general-math-quiz-for-math-learners-8483.html,https://mathworksheetkidsinfinite.github.io/images/4-general-math-quiz-for-math-learners-8483.jpg,Elementary Math Activities,04/03/2026 04:37:00 PM
Missing Number Math Worksheet,Fun and engaging Missing Number worksheet for Grade 1. Perfect printable math practice.,https://mathworksheetkidsinfinite.github.io/html/missing-number-math-worksheet-9251.html,https://mathworksheetkidsinfinite.github.io/images/missing-number-math-worksheet-9251.jpg,Math Practice Printables,04/03/2026 08:23:00 PM
Mixed Operations Math Worksheet,Teachers and parents love this Mixed Operations worksheet for Grade 3. Download and print instantly.,https://mathworksheetkidsinfinite.github.io/html/mixed-operations-math-worksheet-3127.html,https://mathworksheetkidsinfinite.github.io/images/mixed-operations-math-worksheet-3127.jpg,Printable Worksheets,04/04/2026 08:38:00 AM
Printable Free 13 Multiplication Math Worksheet For Grade 1 - Part 92 | Printable Practice,Teachers and parents love this Multiplication worksheet for Grade 1. Download and print instantly.,https://mathworksheetkidsinfinite.github.io/html/printable-free-13-multiplication-math-worksheet-for-grade-1-part-92-3125.html,https://mathworksheetkidsinfinite.github.io/images/printable-free-13-multiplication-math-worksheet-for-grade-1-part-92-3125.jpg,Math Practice Printables,04/04/2026 11:00:00 AM
Free 17 Subtraction Math Worksheet For Grade 3 - Part 93 | Printable Practice,Help kids master Subtraction with this printable worksheet for Grade 3. Great for daily math practice.,https://mathworksheetkidsinfinite.github.io/html/free-17-subtraction-math-worksheet-for-grade-3-part-93-6740.html,https://mathworksheetkidsinfinite.github.io/images/free-17-subtraction-math-worksheet-for-grade-3-part-93-6740.jpg,Printable Worksheets,04/04/2026 01:32:00 PM
Printable 7 Times Table Worksheet For Grade 3 - Part 94 | Printable Practice,Printable Times Table worksheet designed for Grade 3 students. Easy and fun math practice.,https://mathworksheetkidsinfinite.github.io/html/printable-7-times-table-worksheet-for-grade-3-part-94-1183.html,https://mathworksheetkidsinfinite.github.io/images/printable-7-times-table-worksheet-for-grade-3-part-94-1183.jpg,Printable Worksheets,04/04/2026 04:32:00 PM
Printable Tracing Worksheet For Kids - Part 95 | Free Printable,Printable Tracing worksheet designed for Preschool students. Easy and fun math practice.,https://mathworksheetkidsinfinite.github.io/html/printable-tracing-worksheet-for-kids-part-95-5861.html,https://mathworksheetkidsinfinite.github.io/images/printable-tracing-worksheet-for-kids-part-95-5861.jpg,Elementary Math Activities,04/04/2026 08:31:00 PM
Math Word Problem Worksheet,Teachers and parents love this Word Problem worksheet for Grade 3. Download and print instantly.,https://mathworksheetkidsinfinite.github.io/html/math-word-problem-worksheet-4931.html,https://mathworksheetkidsinfinite.github.io/images/math-word-problem-worksheet-4931.jpg,Elementary Math Activities,04/05/2026 08:34:00 AM
Grade 5 Addition Practice Worksheet (26 Problems) - Part 97 | Printable Practice,Help kids master Addition with this printable worksheet for Grade 5. Great for daily math practice.,https://mathworksheetkidsinfinite.github.io/html/grade-5-addition-practice-worksheet-26-problems-part-97-6381.html,https://mathworksheetkidsinfinite.github.io/images/grade-5-addition-practice-worksheet-26-problems-part-97-6381.jpg,Homeschool Math,04/05/2026 11:00:00 AM
Grade 1 Count and Color Shapes Worksheet,Teachers and parents love this Count and Color worksheet for Grade 1. Download and print instantly.,https://mathworksheetkidsinfinite.github.io/html/grade-1-count-and-color-shapes-worksheet-9949.html,https://mathworksheetkidsinfinite.github.io/images/grade-1-count-and-color-shapes-worksheet-9949.jpg,Math Practice Printables,04/05/2026 01:26:00 PM
Free Counting Objects Worksheet For Pre-K Printable - Part 99 | Printable Practice,Help kids master Counting Objects with this printable worksheet for Pre-K. Great for daily math practice.,https://mathworksheetkidsinfinite.github.io/html/free-counting-objects-worksheet-for-pre-k-printable-part-99-7150.html,https://mathworksheetkidsinfinite.github.io/images/free-counting-objects-worksheet-for-pre-k-printable-part-99-7150.jpg,Kids Math Worksheets,04/05/2026 04:30:00 PM
Printable Free 12 Division Math Worksheet For Grade 1 - Part 100 | Printable Practice,Teachers and parents love this Division worksheet for Grade 1. Download and print instantly.,https://mathworksheetkidsinfinite.github.io/html/printable-free-12-division-math-worksheet-for-grade-1-part-100-2457.html,https://mathworksheetkidsinfinite.github.io/images/printable-free-12-division-math-worksheet-for-grade-1-part-100-2457.jpg,Math Practice Printables,04/05/2026 08:30:00 PM
Practice Math Challenge Practice Worksheet for Practice,Help kids master Math with this printable worksheet for Math. Great for daily math practice.,https://mathworksheetkidsinfinite.github.io/html/practice-math-challenge-practice-worksheet-for-practice-7693.html,https://mathworksheetkidsinfinite.github.io/images/practice-math-challenge-practice-worksheet-for-practice-7693.jpg,Math Practice Printables,04/06/2026 08:35:00 AM
Missing Number Math Worksheet,Fun and engaging Missing Number worksheet for Grade 1. Perfect printable math practice.,https://mathworksheetkidsinfinite.github.io/html/missing-number-math-worksheet-3184.html,https://mathworksheetkidsinfinite.github.io/images/missing-number-math-worksheet-3184.jpg,Printable Worksheets,04/06/2026 11:03:00 AM
Mixed Operations Math Worksheet,Teachers and parents love this Mixed Operations worksheet for Grade 3. Download and print instantly.,https://mathworksheetkidsinfinite.github.io/html/mixed-operations-math-worksheet-2376.html,https://mathworksheetkidsinfinite.github.io/images/mixed-operations-math-worksheet-2376.jpg,Homeschool Math,04/06/2026 01:33:00 PM
Grade 2 Multiplication Practice Worksheet (14 Problems) - Part 104 | Printable Practice,Help kids master Multiplication with this printable worksheet for Grade 2. Great for daily math practice.,https://mathworksheetkidsinfinite.github.io/html/grade-2-multiplication-practice-worksheet-14-problems-part-104-1196.html,https://mathworksheetkidsinfinite.github.io/images/grade-2-multiplication-practice-worksheet-14-problems-part-104-1196.jpg,Homeschool Math,04/06/2026 04:36:00 PM
Free 21 Subtraction Math Worksheet For Grade 2 - Part 105 | Printable Practice,Help kids master Subtraction with this printable worksheet for Grade 2. Great for daily math practice.,https://mathworksheetkidsinfinite.github.io/html/free-21-subtraction-math-worksheet-for-grade-2-part-105-7771.html,https://mathworksheetkidsinfinite.github.io/images/free-21-subtraction-math-worksheet-for-grade-2-part-105-7771.jpg,Math Practice Printables,04/06/2026 08:29:00 PM
Grade 4 Multiplication Table 11 Practice - Part 106 | Printable Practice,Free printable Times Table worksheet for Grade 4. Perfect for homeschool practice and classroom activities.,https://mathworksheetkidsinfinite.github.io/html/grade-4-multiplication-table-11-practice-part-106-4895.html,https://mathworksheetkidsinfinite.github.io/images/grade-4-multiplication-table-11-practice-part-106-4895.jpg,Kids Math Worksheets,04/07/2026 08:31:00 AM
Printable Tracing Worksheet For Kids - Part 107 | Free Printable,Printable Tracing worksheet designed for Kindergarten students. Easy and fun math practice.,https://mathworksheetkidsinfinite.github.io/html/printable-tracing-worksheet-for-kids-part-107-3687.html,https://mathworksheetkidsinfinite.github.io/images/printable-tracing-worksheet-for-kids-part-107-3687.jpg,Math Practice Printables,04/07/2026 11:03:00 AM
Math Word Problem Worksheet,Free printable Word Problem worksheet for Grade 3. Perfect for homeschool practice and classroom activities.,https://mathworksheetkidsinfinite.github.io/html/math-word-problem-worksheet-7321.html,https://mathworksheetkidsinfinite.github.io/images/math-word-problem-worksheet-7321.jpg,Kids Math Worksheets,04/07/2026 01:27:00 PM
Free 24 Addition Math Worksheet For Grade 1 With Answers - Part 109 | Printable Practice,Fun and engaging Addition worksheet for Grade 1. Perfect printable math practice.,https://mathworksheetkidsinfinite.github.io/html/free-24-addition-math-worksheet-for-grade-1-with-answers-part-109-2995.html,https://mathworksheetkidsinfinite.github.io/images/free-24-addition-math-worksheet-for-grade-1-with-answers-part-109-2995.jpg,Elementary Math Activities,04/07/2026 04:25:00 PM
Free Kindergarten Count and Color Worksheet,Printable Count and Color worksheet designed for Kindergarten students. Easy and fun math practice.,https://mathworksheetkidsinfinite.github.io/html/free-kindergarten-count-and-color-worksheet-4265.html,https://mathworksheetkidsinfinite.github.io/images/free-kindergarten-count-and-color-worksheet-4265.jpg,Homeschool Math,04/07/2026 08:23:00 PM
Free Counting Objects Worksheet For Kindergarten - Part 111 | Printable Practice,Teachers and parents love this Counting Objects worksheet for Kindergarten. Download and print instantly.,https://mathworksheetkidsinfinite.github.io/html/free-counting-objects-worksheet-for-kindergarten-part-111-4715.html,https://mathworksheetkidsinfinite.github.io/images/free-counting-objects-worksheet-for-kindergarten-part-111-4715.jpg,Elementary Math Activities,04/08/2026 08:38:00 AM
Printable Free 11 Division Math Worksheet For Grade 2 - Part 112 | Printable Practice,Printable Division worksheet designed for Grade 2 students. Easy and fun math practice.,https://mathworksheetkidsinfinite.github.io/html/printable-free-11-division-math-worksheet-for-grade-2-part-112-9031.html,https://mathworksheetkidsinfinite.github.io/images/printable-free-11-division-math-worksheet-for-grade-2-part-112-9031.jpg,Elementary Math Activities,04/08/2026 11:00:00 AM
Advanced Math Quiz Worksheet (4 Questions),Teachers and parents love this Math worksheet for Math. Download and print instantly.,https://mathworksheetkidsinfinite.github.io/html/advanced-math-quiz-worksheet-4-questions-6981.html,https://mathworksheetkidsinfinite.github.io/images/advanced-math-quiz-worksheet-4-questions-6981.jpg,Kids Math Worksheets,04/08/2026 01:22:00 PM
Missing Number Math Worksheet,Teachers and parents love this Missing Number worksheet for Grade 1. Download and print instantly.,https://mathworksheetkidsinfinite.github.io/html/missing-number-math-worksheet-2781.html,https://mathworksheetkidsinfinite.github.io/images/missing-number-math-worksheet-2781.jpg,Math Practice Printables,04/08/2026 04:38:00 PM
Mixed Operations Math Worksheet,Help kids master Mixed Operations with this printable worksheet for Grade 3. Great for daily math practice.,https://mathworksheetkidsinfinite.github.io/html/mixed-operations-math-worksheet-3237.html,https://mathworksheetkidsinfinite.github.io/images/mixed-operations-math-worksheet-3237.jpg,Homeschool Math,04/08/2026 08:29:00 PM
Free 16 Multiplication Math Worksheet For Grade 2 With Answers - Part 116 | Printable Practice,Help kids master Multiplication with this printable worksheet for Grade 2. Great for daily math practice.,https://mathworksheetkidsinfinite.github.io/html/free-16-multiplication-math-worksheet-for-grade-2-with-answers-part-116-2582.html,https://mathworksheetkidsinfinite.github.io/images/free-16-multiplication-math-worksheet-for-grade-2-with-answers-part-116-2582.jpg,Printable Worksheets,04/09/2026 08:31:00 AM
Free 20 Subtraction Math Worksheet For Grade 5 - Part 117 | Printable Practice,Free printable Subtraction worksheet for Grade 5. Perfect for homeschool practice and classroom activities.,https://mathworksheetkidsinfinite.github.io/html/free-20-subtraction-math-worksheet-for-grade-5-part-117-1108.html,https://mathworksheetkidsinfinite.github.io/images/free-20-subtraction-math-worksheet-for-grade-5-part-117-1108.jpg,Homeschool Math,04/09/2026 11:00:00 AM
Grade 3 Multiplication Table 8 Practice - Part 118 | Printable Practice,Help kids master Times Table with this printable worksheet for Grade 3. Great for daily math practice.,https://mathworksheetkidsinfinite.github.io/html/grade-3-multiplication-table-8-practice-part-118-9162.html,https://mathworksheetkidsinfinite.github.io/images/grade-3-multiplication-table-8-practice-part-118-9162.jpg,Math Practice Printables,04/09/2026 01:22:00 PM
Printable Tracing Worksheet For Kids - Part 119 | Free Printable,Teachers and parents love this Tracing worksheet for Kindergarten. Download and print instantly.,https://mathworksheetkidsinfinite.github.io/html/printable-tracing-worksheet-for-kids-part-119-3639.html,https://mathworksheetkidsinfinite.github.io/images/printable-tracing-worksheet-for-kids-part-119-3639.jpg,Kids Math Worksheets,04/09/2026 04:26:00 PM
Math Word Problem Worksheet,Fun and engaging Word Problem worksheet for Grade 3. Perfect printable math practice.,https://mathworksheetkidsinfinite.github.io/html/math-word-problem-worksheet-8575.html,https://mathworksheetkidsinfinite.github.io/images/math-word-problem-worksheet-8575.jpg,Elementary Math Activities,04/09/2026 08:30:00 PM
Grade 5 Addition Practice Worksheet (28 Problems) - Part 121 | Printable Practice,Teachers and parents love this Addition worksheet for Grade 5. Download and print instantly.,https://mathworksheetkidsinfinite.github.io/html/grade-5-addition-practice-worksheet-28-problems-part-121-7627.html,https://mathworksheetkidsinfinite.github.io/images/grade-5-addition-practice-worksheet-28-problems-part-121-7627.jpg,Kids Math Worksheets,04/10/2026 08:31:00 AM
Free Preschool Count and Color Worksheet,Help kids master Count and Color with this printable worksheet for Preschool. Great for daily math practice.,https://mathworksheetkidsinfinite.github.io/html/free-preschool-count-and-color-worksheet-5597.html,https://mathworksheetkidsinfinite.github.io/images/free-preschool-count-and-color-worksheet-5597.jpg,Math Practice Printables,04/10/2026 11:00:00 AM
Kindergarten Count The Objects Worksheet - Part 123 | Printable Practice,Teachers and parents love this Counting Objects worksheet for Kindergarten. Download and print instantly.,https://mathworksheetkidsinfinite.github.io/html/kindergarten-count-the-objects-worksheet-part-123-4453.html,https://mathworksheetkidsinfinite.github.io/images/kindergarten-count-the-objects-worksheet-part-123-4453.jpg,Printable Worksheets,04/10/2026 01:34:00 PM
Grade 1 Division Practice Worksheet (16 Problems) - Part 124 | Printable Practice,Help kids master Division with this printable worksheet for Grade 1. Great for daily math practice.,https://mathworksheetkidsinfinite.github.io/html/grade-1-division-practice-worksheet-16-problems-part-124-1387.html,https://mathworksheetkidsinfinite.github.io/images/grade-1-division-practice-worksheet-16-problems-part-124-1387.jpg,Kids Math Worksheets,04/10/2026 04:29:00 PM
4 Mathematics Practice Worksheet,Free printable Math worksheet for Math. Perfect for homeschool practice and classroom activities.,https://mathworksheetkidsinfinite.github.io/html/4-mathematics-practice-worksheet-4896.html,https://mathworksheetkidsinfinite.github.io/images/4-mathematics-practice-worksheet-4896.jpg,Printable Worksheets,04/10/2026 08:27:00 PM
Missing Number Math Worksheet,Teachers and parents love this Missing Number worksheet for Grade 1. Download and print instantly.,https://mathworksheetkidsinfinite.github.io/html/missing-number-math-worksheet-3553.html,https://mathworksheetkidsinfinite.github.io/images/missing-number-math-worksheet-3553.jpg,Elementary Math Activities,04/11/2026 08:33:00 AM
Mixed Operations Math Worksheet,Fun and engaging Mixed Operations worksheet for Grade 3. Perfect printable math practice.,https://mathworksheetkidsinfinite.github.io/html/mixed-operations-math-worksheet-7762.html,https://mathworksheetkidsinfinite.github.io/images/mixed-operations-math-worksheet-7762.jpg,Elementary Math Activities,04/11/2026 11:01:00 AM
Grade 2 Multiplication Practice Worksheet (21 Problems) - Part 128 | Printable Practice,Teachers and parents love this Multiplication worksheet for Grade 2. Download and print instantly.,https://mathworksheetkidsinfinite.github.io/html/grade-2-multiplication-practice-worksheet-21-problems-part-128-9245.html,https://mathworksheetkidsinfinite.github.io/images/grade-2-multiplication-practice-worksheet-21-problems-part-128-9245.jpg,Printable Worksheets,04/11/2026 01:23:00 PM
Free 20 Subtraction Math Worksheet For Grade 2 - Part 129 | Printable Practice,Printable Subtraction worksheet designed for Grade 2 students. Easy and fun math practice.,https://mathworksheetkidsinfinite.github.io/html/free-20-subtraction-math-worksheet-for-grade-2-part-129-6374.html,https://mathworksheetkidsinfinite.github.io/images/free-20-subtraction-math-worksheet-for-grade-2-part-129-6374.jpg,Elementary Math Activities,04/11/2026 04:22:00 PM
Printable 2 Times Table Worksheet For Grade 2 - Part 130 | Printable Practice,Printable Times Table worksheet designed for Grade 2 students. Easy and fun math practice.,https://mathworksheetkidsinfinite.github.io/html/printable-2-times-table-worksheet-for-grade-2-part-130-5746.html,https://mathworksheetkidsinfinite.github.io/images/printable-2-times-table-worksheet-for-grade-2-part-130-5746.jpg,Printable Worksheets,04/11/2026 08:30:00 PM
Printable Tracing Worksheet For Kids - Part 131 | Free Printable,Help kids master Tracing with this printable worksheet for Kindergarten. Great for daily math practice.,https://mathworksheetkidsinfinite.github.io/html/printable-tracing-worksheet-for-kids-part-131-7594.html,https://mathworksheetkidsinfinite.github.io/images/printable-tracing-worksheet-for-kids-part-131-7594.jpg,Elementary Math Activities,04/12/2026 08:32:00 AM
Math Word Problem Worksheet,Teachers and parents love this Word Problem worksheet for Grade 3. Download and print instantly.,https://mathworksheetkidsinfinite.github.io/html/math-word-problem-worksheet-8987.html,https://mathworksheetkidsinfinite.github.io/images/math-word-problem-worksheet-8987.jpg,Homeschool Math,04/12/2026 11:02:00 AM
Grade 3 Addition Practice Worksheet (26 Problems) - Part 133 | Printable Practice,Teachers and parents love this Addition worksheet for Grade 3. Download and print instantly.,https://mathworksheetkidsinfinite.github.io/html/grade-3-addition-practice-worksheet-26-problems-part-133-8749.html,https://mathworksheetkidsinfinite.github.io/images/grade-3-addition-practice-worksheet-26-problems-part-133-8749.jpg,Homeschool Math,04/12/2026 01:22:00 PM
Fun Count and Color Objects Worksheet for Kindergarten,Teachers and parents love this Count and Color worksheet for Kindergarten. Download and print instantly.,https://mathworksheetkidsinfinite.github.io/html/fun-count-and-color-objects-worksheet-for-kindergarten-7165.html,https://mathworksheetkidsinfinite.github.io/images/fun-count-and-color-objects-worksheet-for-kindergarten-7165.jpg,Math Practice Printables,04/12/2026 04:30:00 PM
Free Counting Objects Worksheet For Pre-K Printable - Part 135 | Printable Practice,Printable Counting Objects worksheet designed for Pre-K students. Easy and fun math practice.,https://mathworksheetkidsinfinite.github.io/html/free-counting-objects-worksheet-for-pre-k-printable-part-135-4213.html,https://mathworksheetkidsinfinite.github.io/images/free-counting-objects-worksheet-for-pre-k-printable-part-135-4213.jpg,Homeschool Math,04/12/2026 08:36:00 PM
Printable Free 13 Division Math Worksheet For Grade 2 - Part 136 | Printable Practice,Help kids master Division with this printable worksheet for Grade 2. Great for daily math practice.,https://mathworksheetkidsinfinite.github.io/html/printable-free-13-division-math-worksheet-for-grade-2-part-136-3674.html,https://mathworksheetkidsinfinite.github.io/images/printable-free-13-division-math-worksheet-for-grade-2-part-136-3674.jpg,Elementary Math Activities,04/13/2026 08:37:00 AM
8 Mathematics Quiz Practice Worksheet,Free printable Math worksheet for Math. Perfect for homeschool practice and classroom activities.,https://mathworksheetkidsinfinite.github.io/html/8-mathematics-quiz-practice-worksheet-4399.html,https://mathworksheetkidsinfinite.github.io/images/8-mathematics-quiz-practice-worksheet-4399.jpg,Homeschool Math,04/13/2026 11:00:00 AM
Missing Number Math Worksheet,Fun and engaging Missing Number worksheet for Grade 1. Perfect printable math practice.,https://mathworksheetkidsinfinite.github.io/html/missing-number-math-worksheet-8834.html,https://mathworksheetkidsinfinite.github.io/images/missing-number-math-worksheet-8834.jpg,Elementary Math Activities,04/13/2026 01:30:00 PM
Mixed Operations Math Worksheet,Fun and engaging Mixed Operations worksheet for Grade 3. Perfect printable math practice.,https://mathworksheetkidsinfinite.github.io/html/mixed-operations-math-worksheet-5811.html,https://mathworksheetkidsinfinite.github.io/images/mixed-operations-math-worksheet-5811.jpg,Math Practice Printables,04/13/2026 04:29:00 PM
Grade 2 Multiplication Practice Worksheet (27 Problems) - Part 140 | Printable Practice,Help kids master Multiplication with this printable worksheet for Grade 2. Great for daily math practice.,https://mathworksheetkidsinfinite.github.io/html/grade-2-multiplication-practice-worksheet-27-problems-part-140-5617.html,https://mathworksheetkidsinfinite.github.io/images/grade-2-multiplication-practice-worksheet-27-problems-part-140-5617.jpg,Homeschool Math,04/13/2026 08:30:00 PM
Free 24 Subtraction Math Worksheet For Grade 3 With Answers - Part 141 | Printable Practice,Teachers and parents love this Subtraction worksheet for Grade 3. Download and print instantly.,https://mathworksheetkidsinfinite.github.io/html/free-24-subtraction-math-worksheet-for-grade-3-with-answers-part-141-7339.html,https://mathworksheetkidsinfinite.github.io/images/free-24-subtraction-math-worksheet-for-grade-3-with-answers-part-141-7339.jpg,Math Practice Printables,04/14/2026 08:35:00 AM
10 Times Table Worksheet For Grade 3 With Answers - Part 142 | Printable Practice,Printable Times Table worksheet designed for Grade 3 students. Easy and fun math practice.,https://mathworksheetkidsinfinite.github.io/html/10-times-table-worksheet-for-grade-3-with-answers-part-142-5821.html,https://mathworksheetkidsinfinite.github.io/images/10-times-table-worksheet-for-grade-3-with-answers-part-142-5821.jpg,Printable Worksheets,04/14/2026 11:04:00 AM
Printable Tracing Worksheet For Kids - Part 143 | Free Printable,Fun and engaging Tracing worksheet for Kindergarten. Perfect printable math practice.,https://mathworksheetkidsinfinite.github.io/html/printable-tracing-worksheet-for-kids-part-143-2286.html,https://mathworksheetkidsinfinite.github.io/images/printable-tracing-worksheet-for-kids-part-143-2286.jpg,Elementary Math Activities,04/14/2026 01:38:00 PM
Math Word Problem Worksheet,Help kids master Word Problem with this printable worksheet for Grade 3. Great for daily math practice.,https://mathworksheetkidsinfinite.github.io/html/math-word-problem-worksheet-8580.html,https://mathworksheetkidsinfinite.github.io/images/math-word-problem-worksheet-8580.jpg,Homeschool Math,04/14/2026 04:36:00 PM
Free 26 Addition Math Worksheet For Grade 5 - Part 145 | Printable Practice,Printable Addition worksheet designed for Grade 5 students. Easy and fun math practice.,https://mathworksheetkidsinfinite.github.io/html/free-26-addition-math-worksheet-for-grade-5-part-145-2012.html,https://mathworksheetkidsinfinite.github.io/images/free-26-addition-math-worksheet-for-grade-5-part-145-2012.jpg,Printable Worksheets,04/14/2026 08:38:00 PM
Printable Count and Color Worksheet for Preschool Kids,Printable Count and Color worksheet designed for Preschool students. Easy and fun math practice.,https://mathworksheetkidsinfinite.github.io/html/printable-count-and-color-worksheet-for-preschool-kids-4659.html,https://mathworksheetkidsinfinite.github.io/images/printable-count-and-color-worksheet-for-preschool-kids-4659.jpg,Math Practice Printables,04/15/2026 08:25:00 AM
Free Counting Objects Worksheet For Pre-K Printable - Part 147 | Printable Practice,Printable Counting Objects worksheet designed for Pre-K students. Easy and fun math practice.,https://mathworksheetkidsinfinite.github.io/html/free-counting-objects-worksheet-for-pre-k-printable-part-147-4334.html,https://mathworksheetkidsinfinite.github.io/images/free-counting-objects-worksheet-for-pre-k-printable-part-147-4334.jpg,Homeschool Math,04/15/2026 11:00:00 AM
Printable Free 14 Division Math Worksheet For Grade 2 - Part 148 | Printable Practice,Free printable Division worksheet for Grade 2. Perfect for homeschool practice and classroom activities.,https://mathworksheetkidsinfinite.github.io/html/printable-free-14-division-math-worksheet-for-grade-2-part-148-5162.html,https://mathworksheetkidsinfinite.github.io/images/printable-free-14-division-math-worksheet-for-grade-2-part-148-5162.jpg,Elementary Math Activities,04/15/2026 01:32:00 PM
4 General Math Quiz Printable Worksheet,Free printable Math worksheet for Math. Perfect for homeschool practice and classroom activities.,https://mathworksheetkidsinfinite.github.io/html/4-general-math-quiz-printable-worksheet-6006.html,https://mathworksheetkidsinfinite.github.io/images/4-general-math-quiz-printable-worksheet-6006.jpg,Elementary Math Activities,04/15/2026 04:38:00 PM
Missing Number Math Worksheet,Fun and engaging Missing Number worksheet for Grade 1. Perfect printable math practice.,https://mathworksheetkidsinfinite.github.io/html/missing-number-math-worksheet-9997.html,https://mathworksheetkidsinfinite.github.io/images/missing-number-math-worksheet-9997.jpg,Kids Math Worksheets,04/15/2026 08:31:00 PM
Mixed Operations Math Worksheet,Printable Mixed Operations worksheet designed for Grade 3 students. Easy and fun math practice.,https://mathworksheetkidsinfinite.github.io/html/mixed-operations-math-worksheet-1936.html,https://mathworksheetkidsinfinite.github.io/images/mixed-operations-math-worksheet-1936.jpg,Elementary Math Activities,04/16/2026 08:29:00 AM
Free 20 Multiplication Math Worksheet For Grade 2 - Part 152 | Printable Practice,Printable Multiplication worksheet designed for Grade 2 students. Easy and fun math practice.,https://mathworksheetkidsinfinite.github.io/html/free-20-multiplication-math-worksheet-for-grade-2-part-152-9327.html,https://mathworksheetkidsinfinite.github.io/images/free-20-multiplication-math-worksheet-for-grade-2-part-152-9327.jpg,Elementary Math Activities,04/16/2026 11:07:00 AM
Free 26 Subtraction Math Worksheet For Grade 5 With Answers - Part 153 | Printable Practice,Printable Subtraction worksheet designed for Grade 5 students. Easy and fun math practice.,https://mathworksheetkidsinfinite.github.io/html/free-26-subtraction-math-worksheet-for-grade-5-with-answers-part-153-1331.html,https://mathworksheetkidsinfinite.github.io/images/free-26-subtraction-math-worksheet-for-grade-5-with-answers-part-153-1331.jpg,Math Practice Printables,04/16/2026 01:34:00 PM
12 Times Table Worksheet For Grade 4 - Part 154 | Printable Practice,Free printable Times Table worksheet for Grade 4. Perfect for homeschool practice and classroom activities.,https://mathworksheetkidsinfinite.github.io/html/12-times-table-worksheet-for-grade-4-part-154-1413.html,https://mathworksheetkidsinfinite.github.io/images/12-times-table-worksheet-for-grade-4-part-154-1413.jpg,Kids Math Worksheets,04/16/2026 04:35:00 PM
Printable Tracing Worksheet For Kids - Part 155 | Free Printable,Help kids master Tracing with this printable worksheet for Kindergarten. Great for daily math practice.,https://mathworksheetkidsinfinite.github.io/html/printable-tracing-worksheet-for-kids-part-155-6927.html,https://mathworksheetkidsinfinite.github.io/images/printable-tracing-worksheet-for-kids-part-155-6927.jpg,Homeschool Math,04/16/2026 08:25:00 PM
Math Word Problem Worksheet,Help kids master Word Problem with this printable worksheet for Grade 3. Great for daily math practice.,https://mathworksheetkidsinfinite.github.io/html/math-word-problem-worksheet-8760.html,https://mathworksheetkidsinfinite.github.io/images/math-word-problem-worksheet-8760.jpg,Homeschool Math,04/17/2026 08:31:00 AM
Printable Free 10 Addition Math Worksheet For Grade 3 - Part 157 | Printable Practice,Printable Addition worksheet designed for Grade 3 students. Easy and fun math practice.,https://mathworksheetkidsinfinite.github.io/html/printable-free-10-addition-math-worksheet-for-grade-3-part-157-3270.html,https://mathworksheetkidsinfinite.github.io/images/printable-free-10-addition-math-worksheet-for-grade-3-part-157-3270.jpg,Elementary Math Activities,04/17/2026 11:04:00 AM
"Count and Color Triangle, Flower, Apple Worksheet for Kids",Fun and engaging Count and Color worksheet for Grade 1. Perfect printable math practice.,https://mathworksheetkidsinfinite.github.io/html/count-and-color-triangle-flower-apple-worksheet-for-kids-9667.html,https://mathworksheetkidsinfinite.github.io/images/count-and-color-triangle-flower-apple-worksheet-for-kids-9667.jpg,Homeschool Math,04/17/2026 01:27:00 PM
Pre-K Count The Objects Worksheet - Part 159 | Printable Practice,Free printable Counting Objects worksheet for Pre-K. Perfect for homeschool practice and classroom activities.,https://mathworksheetkidsinfinite.github.io/html/pre-k-count-the-objects-worksheet-part-159-1835.html,https://mathworksheetkidsinfinite.github.io/images/pre-k-count-the-objects-worksheet-part-159-1835.jpg,Kids Math Worksheets,04/17/2026 04:37:00 PM
Free 16 Division Math Worksheet For Grade 2 - Part 160 | Printable Practice,Fun and engaging Division worksheet for Grade 2. Perfect printable math practice.,https://mathworksheetkidsinfinite.github.io/html/free-16-division-math-worksheet-for-grade-2-part-160-5793.html,https://mathworksheetkidsinfinite.github.io/images/free-16-division-math-worksheet-for-grade-2-part-160-5793.jpg,Kids Math Worksheets,04/17/2026 08:30:00 PM
7 Mathematics Problem Set Practice Worksheet,Printable Math worksheet designed for Math students. Easy and fun math practice.,https://mathworksheetkidsinfinite.github.io/html/7-mathematics-problem-set-practice-worksheet-1092.html,https://mathworksheetkidsinfinite.github.io/images/7-mathematics-problem-set-practice-worksheet-1092.jpg,Math Practice Printables,04/18/2026 08:23:00 AM
Missing Number Math Worksheet,Fun and engaging Missing Number worksheet for Grade 1. Perfect printable math practice.,https://mathworksheetkidsinfinite.github.io/html/missing-number-math-worksheet-3552.html,https://mathworksheetkidsinfinite.github.io/images/missing-number-math-worksheet-3552.jpg,Elementary Math Activities,04/18/2026 11:03:00 AM
Mixed Operations Math Worksheet,Help kids master Mixed Operations with this printable worksheet for Grade 3. Great for daily math practice.,https://mathworksheetkidsinfinite.github.io/html/mixed-operations-math-worksheet-1166.html,https://mathworksheetkidsinfinite.github.io/images/mixed-operations-math-worksheet-1166.jpg,Math Practice Printables,04/18/2026 01:38:00 PM
Free 27 Multiplication Math Worksheet For Grade 2 - Part 164 | Printable Practice,Fun and engaging Multiplication worksheet for Grade 2. Perfect printable math practice.,https://mathworksheetkidsinfinite.github.io/html/free-27-multiplication-math-worksheet-for-grade-2-part-164-5450.html,https://mathworksheetkidsinfinite.github.io/images/free-27-multiplication-math-worksheet-for-grade-2-part-164-5450.jpg,Math Practice Printables,04/18/2026 04:37:00 PM
Grade 3 Subtraction Practice Worksheet (16 Problems) - Part 165 | Printable Practice,Printable Subtraction worksheet designed for Grade 3 students. Easy and fun math practice.,https://mathworksheetkidsinfinite.github.io/html/grade-3-subtraction-practice-worksheet-16-problems-part-165-5430.html,https://mathworksheetkidsinfinite.github.io/images/grade-3-subtraction-practice-worksheet-16-problems-part-165-5430.jpg,Elementary Math Activities,04/18/2026 08:23:00 PM
3 Times Table Worksheet For Grade 2 With Answers - Part 166 | Printable Practice,Free printable Times Table worksheet for Grade 2. Perfect for homeschool practice and classroom activities.,https://mathworksheetkidsinfinite.github.io/html/3-times-table-worksheet-for-grade-2-with-answers-part-166-2263.html,https://mathworksheetkidsinfinite.github.io/images/3-times-table-worksheet-for-grade-2-with-answers-part-166-2263.jpg,Printable Worksheets,04/19/2026 08:25:00 AM
Printable Tracing Worksheet For Kids - Part 167 | Free Printable,Fun and engaging Tracing worksheet for Kindergarten. Perfect printable math practice.,https://mathworksheetkidsinfinite.github.io/html/printable-tracing-worksheet-for-kids-part-167-7893.html,https://mathworksheetkidsinfinite.github.io/images/printable-tracing-worksheet-for-kids-part-167-7893.jpg,Homeschool Math,04/19/2026 11:05:00 AM
Math Word Problem Worksheet,Teachers and parents love this Word Problem worksheet for Grade 3. Download and print instantly.,https://mathworksheetkidsinfinite.github.io/html/math-word-problem-worksheet-7882.html,https://mathworksheetkidsinfinite.github.io/images/math-word-problem-worksheet-7882.jpg,Homeschool Math,04/19/2026 01:32:00 PM
Free 30 Addition Math Worksheet For Grade 3 With Answers - Part 169 | Printable Practice,Printable Addition worksheet designed for Grade 3 students. Easy and fun math practice.,https://mathworksheetkidsinfinite.github.io/html/free-30-addition-math-worksheet-for-grade-3-with-answers-part-169-8754.html,https://mathworksheetkidsinfinite.github.io/images/free-30-addition-math-worksheet-for-grade-3-with-answers-part-169-8754.jpg,Kids Math Worksheets,04/19/2026 04:26:00 PM
Fun Count and Color Objects Worksheet for Preschool,Fun and engaging Count and Color worksheet for Preschool. Perfect printable math practice.,https://mathworksheetkidsinfinite.github.io/html/fun-count-and-color-objects-worksheet-for-preschool-4459.html,https://mathworksheetkidsinfinite.github.io/images/fun-count-and-color-objects-worksheet-for-preschool-4459.jpg,Homeschool Math,04/19/2026 08:31:00 PM
Free Counting Objects Worksheet For Pre-K Printable - Part 171 | Printable Practice,Free printable Counting Objects worksheet for Pre-K. Perfect for homeschool practice and classroom activities.,https://mathworksheetkidsinfinite.github.io/html/free-counting-objects-worksheet-for-pre-k-printable-part-171-7084.html,https://mathworksheetkidsinfinite.github.io/images/free-counting-objects-worksheet-for-pre-k-printable-part-171-7084.jpg,Kids Math Worksheets,04/20/2026 08:36:00 AM
Free 29 Division Math Worksheet For Grade 2 With Answers - Part 172 | Printable Practice,Teachers and parents love this Division worksheet for Grade 2. Download and print instantly.,https://mathworksheetkidsinfinite.github.io/html/free-29-division-math-worksheet-for-grade-2-with-answers-part-172-2903.html,https://mathworksheetkidsinfinite.github.io/images/free-29-division-math-worksheet-for-grade-2-with-answers-part-172-2903.jpg,Elementary Math Activities,04/20/2026 11:00:00 AM
4 Math Questions Test Worksheet for Study,Fun and engaging Math worksheet for Math. Perfect printable math practice.,https://mathworksheetkidsinfinite.github.io/html/4-math-questions-test-worksheet-for-study-8929.html,https://mathworksheetkidsinfinite.github.io/images/4-math-questions-test-worksheet-for-study-8929.jpg,Kids Math Worksheets,04/20/2026 01:25:00 PM
Missing Number Math Worksheet,Printable Missing Number worksheet designed for Grade 1 students. Easy and fun math practice.,https://mathworksheetkidsinfinite.github.io/html/missing-number-math-worksheet-7416.html,https://mathworksheetkidsinfinite.github.io/images/missing-number-math-worksheet-7416.jpg,Homeschool Math,04/20/2026 04:28:00 PM
Mixed Operations Math Worksheet,Printable Mixed Operations worksheet designed for Grade 3 students. Easy and fun math practice.,https://mathworksheetkidsinfinite.github.io/html/mixed-operations-math-worksheet-7237.html,https://mathworksheetkidsinfinite.github.io/images/mixed-operations-math-worksheet-7237.jpg,Printable Worksheets,04/20/2026 08:27:00 PM
Grade 2 Multiplication Practice Worksheet (20 Problems) - Part 176 | Printable Practice,Teachers and parents love this Multiplication worksheet for Grade 2. Download and print instantly.,https://mathworksheetkidsinfinite.github.io/html/grade-2-multiplication-practice-worksheet-20-problems-part-176-6577.html,https://mathworksheetkidsinfinite.github.io/images/grade-2-multiplication-practice-worksheet-20-problems-part-176-6577.jpg,Kids Math Worksheets,04/21/2026 08:25:00 AM
Free 27 Subtraction Math Worksheet For Grade 5 With Answers - Part 177 | Printable Practice,Printable Subtraction worksheet designed for Grade 5 students. Easy and fun math practice.,https://mathworksheetkidsinfinite.github.io/html/free-27-subtraction-math-worksheet-for-grade-5-with-answers-part-177-5885.html,https://mathworksheetkidsinfinite.github.io/images/free-27-subtraction-math-worksheet-for-grade-5-with-answers-part-177-5885.jpg,Homeschool Math,04/21/2026 11:00:00 AM
Printable 7 Times Table Worksheet For Grade 3 - Part 178 | Printable Practice,Fun and engaging Times Table worksheet for Grade 3. Perfect printable math practice.,https://mathworksheetkidsinfinite.github.io/html/printable-7-times-table-worksheet-for-grade-3-part-178-1349.html,https://mathworksheetkidsinfinite.github.io/images/printable-7-times-table-worksheet-for-grade-3-part-178-1349.jpg,Printable Worksheets,04/21/2026 01:35:00 PM
Printable Tracing Worksheet For Kids - Part 179 | Free Printable,Printable Tracing worksheet designed for Kindergarten students. Easy and fun math practice.,https://mathworksheetkidsinfinite.github.io/html/printable-tracing-worksheet-for-kids-part-179-2387.html,https://mathworksheetkidsinfinite.github.io/images/printable-tracing-worksheet-for-kids-part-179-2387.jpg,Printable Worksheets,04/21/2026 04:30:00 PM
Math Word Problem Worksheet,Fun and engaging Word Problem worksheet for Grade 3. Perfect printable math practice.,https://mathworksheetkidsinfinite.github.io/html/math-word-problem-worksheet-5414.html,https://mathworksheetkidsinfinite.github.io/images/math-word-problem-worksheet-5414.jpg,Elementary Math Activities,04/21/2026 08:32:00 PM
Grade 1 Addition Practice Worksheet (26 Problems) - Part 181 | Printable Practice,Help kids master Addition with this printable worksheet for Grade 1. Great for daily math practice.,https://mathworksheetkidsinfinite.github.io/html/grade-1-addition-practice-worksheet-26-problems-part-181-5773.html,https://mathworksheetkidsinfinite.github.io/images/grade-1-addition-practice-worksheet-26-problems-part-181-5773.jpg,Homeschool Math,04/22/2026 08:37:00 AM
Preschool Count and Color Shapes Worksheet,Help kids master Count and Color with this printable worksheet for Preschool. Great for daily math practice.,https://mathworksheetkidsinfinite.github.io/html/preschool-count-and-color-shapes-worksheet-7819.html,https://mathworksheetkidsinfinite.github.io/images/preschool-count-and-color-shapes-worksheet-7819.jpg,Elementary Math Activities,04/22/2026 11:00:00 AM
Kindergarten Count The Objects Worksheet - Part 183 | Printable Practice,Fun and engaging Counting Objects worksheet for Kindergarten. Perfect printable math practice.,https://mathworksheetkidsinfinite.github.io/html/kindergarten-count-the-objects-worksheet-part-183-8231.html,https://mathworksheetkidsinfinite.github.io/images/kindergarten-count-the-objects-worksheet-part-183-8231.jpg,Printable Worksheets,04/22/2026 01:31:00 PM
Free 19 Division Math Worksheet For Grade 2 - Part 184 | Printable Practice,Fun and engaging Division worksheet for Grade 2. Perfect printable math practice.,https://mathworksheetkidsinfinite.github.io/html/free-19-division-math-worksheet-for-grade-2-part-184-8293.html,https://mathworksheetkidsinfinite.github.io/images/free-19-division-math-worksheet-for-grade-2-part-184-8293.jpg,Kids Math Worksheets,04/22/2026 04:35:00 PM
4 Math Quiz Practice Worksheet,Help kids master Math with this printable worksheet for Math. Great for daily math practice.,https://mathworksheetkidsinfinite.github.io/html/4-math-quiz-practice-worksheet-5086.html,https://mathworksheetkidsinfinite.github.io/images/4-math-quiz-practice-worksheet-5086.jpg,Kids Math Worksheets,04/22/2026 08:35:00 PM
Missing Number Math Worksheet,Printable Missing Number worksheet designed for Grade 1 students. Easy and fun math practice.,https://mathworksheetkidsinfinite.github.io/html/missing-number-math-worksheet-2426.html,https://mathworksheetkidsinfinite.github.io/images/missing-number-math-worksheet-2426.jpg,Elementary Math Activities,04/23/2026 08:35:00 AM
Mixed Operations Math Worksheet,Printable Mixed Operations worksheet designed for Grade 3 students. Easy and fun math practice.,https://mathworksheetkidsinfinite.github.io/html/mixed-operations-math-worksheet-3641.html,https://mathworksheetkidsinfinite.github.io/images/mixed-operations-math-worksheet-3641.jpg,Homeschool Math,04/23/2026 11:00:00 AM
Free 15 Multiplication Math Worksheet For Grade 2 - Part 188 | Printable Practice,Teachers and parents love this Multiplication worksheet for Grade 2. Download and print instantly.,https://mathworksheetkidsinfinite.github.io/html/free-15-multiplication-math-worksheet-for-grade-2-part-188-9183.html,https://mathworksheetkidsinfinite.github.io/images/free-15-multiplication-math-worksheet-for-grade-2-part-188-9183.jpg,Kids Math Worksheets,04/23/2026 01:26:00 PM
Printable Free 16 Subtraction Math Worksheet For Grade 2 - Part 189 | Printable Practice,Printable Subtraction worksheet designed for Grade 2 students. Easy and fun math practice.,https://mathworksheetkidsinfinite.github.io/html/printable-free-16-subtraction-math-worksheet-for-grade-2-part-189-2708.html,https://mathworksheetkidsinfinite.github.io/images/printable-free-16-subtraction-math-worksheet-for-grade-2-part-189-2708.jpg,Math Practice Printables,04/23/2026 04:35:00 PM
Grade 2 Multiplication Table 2 Practice - Part 190 | Printable Practice,Help kids master Times Table with this printable worksheet for Grade 2. Great for daily math practice.,https://mathworksheetkidsinfinite.github.io/html/grade-2-multiplication-table-2-practice-part-190-6549.html,https://mathworksheetkidsinfinite.github.io/images/grade-2-multiplication-table-2-practice-part-190-6549.jpg,Elementary Math Activities,04/23/2026 08:32:00 PM
Printable Tracing Worksheet For Kids - Part 191 | Free Printable,Teachers and parents love this Tracing worksheet for Preschool. Download and print instantly.,https://mathworksheetkidsinfinite.github.io/html/printable-tracing-worksheet-for-kids-part-191-8926.html,https://mathworksheetkidsinfinite.github.io/images/printable-tracing-worksheet-for-kids-part-191-8926.jpg,Printable Worksheets,04/24/2026 08:24:00 AM
Math Word Problem Worksheet,Printable Word Problem worksheet designed for Grade 3 students. Easy and fun math practice.,https://mathworksheetkidsinfinite.github.io/html/math-word-problem-worksheet-1625.html,https://mathworksheetkidsinfinite.github.io/images/math-word-problem-worksheet-1625.jpg,Homeschool Math,04/24/2026 11:00:00 AM
Printable Free 29 Addition Math Worksheet For Grade 3 - Part 193 | Printable Practice,Fun and engaging Addition worksheet for Grade 3. Perfect printable math practice.,https://mathworksheetkidsinfinite.github.io/html/printable-free-29-addition-math-worksheet-for-grade-3-part-193-8249.html,https://mathworksheetkidsinfinite.github.io/images/printable-free-29-addition-math-worksheet-for-grade-3-part-193-8249.jpg,Homeschool Math,04/24/2026 01:25:00 PM
3 Free Count and Color Worksheets for Grade 1,Fun and engaging Count and Color worksheet for Grade 1. Perfect printable math practice.,https://mathworksheetkidsinfinite.github.io/html/3-free-count-and-color-worksheets-for-grade-1-3571.html,https://mathworksheetkidsinfinite.github.io/images/3-free-count-and-color-worksheets-for-grade-1-3571.jpg,Homeschool Math,04/24/2026 04:33:00 PM
Kindergarten Count The Objects Worksheet - Part 195 | Printable Practice,Teachers and parents love this Counting Objects worksheet for Kindergarten. Download and print instantly.,https://mathworksheetkidsinfinite.github.io/html/kindergarten-count-the-objects-worksheet-part-195-4933.html,https://mathworksheetkidsinfinite.github.io/images/kindergarten-count-the-objects-worksheet-part-195-4933.jpg,Elementary Math Activities,04/24/2026 08:36:00 PM
Free 29 Division Math Worksheet For Grade 1 With Answers - Part 196 | Printable Practice,Printable Division worksheet designed for Grade 1 students. Easy and fun math practice.,https://mathworksheetkidsinfinite.github.io/html/free-29-division-math-worksheet-for-grade-1-with-answers-part-196-1642.html,https://mathworksheetkidsinfinite.github.io/images/free-29-division-math-worksheet-for-grade-1-with-answers-part-196-1642.jpg,Kids Math Worksheets,04/25/2026 08:31:00 AM
Practice Mathematics Practice Worksheet (7 Questions),Help kids master Math with this printable worksheet for Math. Great for daily math practice.,https://mathworksheetkidsinfinite.github.io/html/practice-mathematics-practice-worksheet-7-questions-7268.html,https://mathworksheetkidsinfinite.github.io/images/practice-mathematics-practice-worksheet-7-questions-7268.jpg,Printable Worksheets,04/25/2026 11:00:00 AM
Missing Number Math Worksheet,Free printable Missing Number worksheet for Grade 1. Perfect for homeschool practice and classroom activities.,https://mathworksheetkidsinfinite.github.io/html/missing-number-math-worksheet-9149.html,https://mathworksheetkidsinfinite.github.io/images/missing-number-math-worksheet-9149.jpg,Homeschool Math,04/25/2026 01:24:00 PM
Mixed Operations Math Worksheet,Printable Mixed Operations worksheet designed for Grade 3 students. Easy and fun math practice.,https://mathworksheetkidsinfinite.github.io/html/mixed-operations-math-worksheet-5403.html,https://mathworksheetkidsinfinite.github.io/images/mixed-operations-math-worksheet-5403.jpg,Kids Math Worksheets,04/25/2026 04:25:00 PM
Free 26 Multiplication Math Worksheet For Grade 1 - Part 200 | Printable Practice,Teachers and parents love this Multiplication worksheet for Grade 1. Download and print instantly.,https://mathworksheetkidsinfinite.github.io/html/free-26-multiplication-math-worksheet-for-grade-1-part-200-9247.html,https://mathworksheetkidsinfinite.github.io/images/free-26-multiplication-math-worksheet-for-grade-1-part-200-9247.jpg,Math Practice Printables,04/25/2026 08:25:00 PM
